
=================================
            Mysql  数据库管理系统(Database Management System)
			
第三章
			
选择数据库：
mysql> use crashcourse;
Database changed

显示数据库列表：
mysql> show databases;
+--------------------+
| Database           |
+--------------------+
| information_schema |
| crashcourse        |
| mysql              |
| performance_schema |
| test               |
| wordpress          |
+--------------------+
6 rows in set (0.00 sec)

返回当前选择的数据库内可用表的列表：
mysql> show tables;
+-----------------------+
| Tables_in_crashcourse |
+-----------------------+
| customers             |
| orderitems            |
| orders                |
| productnotes          |
| products              |
| vendors               |
+-----------------------+
6 rows in set (0.04 sec)

显示表列：
mysql> show columns from customers;
+--------------+-----------+------+-----+---------+----------------+
| Field        | Type      | Null | Key | Default | Extra          |
+--------------+-----------+------+-----+---------+----------------+
| cust_id      | int(11)   | NO   | PRI | NULL    | auto_increment |
| cust_name    | char(50)  | NO   |     | NULL    |                |
| cust_address | char(50)  | YES  |     | NULL    |                |
| cust_city    | char(50)  | YES  |     | NULL    |                |
| cust_state   | char(5)   | YES  |     | NULL    |                |
| cust_zip     | char(10)  | YES  |     | NULL    |                |
| cust_country | char(50)  | YES  |     | NULL    |                |
| cust_contact | char(50)  | YES  |     | NULL    |                |
| cust_email   | char(255) | YES  |     | NULL    |                |
+--------------+-----------+------+-----+---------+----------------+
9 rows in set (0.02 sec)

显示服务器错误或警告信息：

mysql> show errors;
Empty set (0.00 sec)

mysql> show warnings;
Empty set (0.00 sec)

=============================
第四章：

检索单个列：
mysql> select prod_name from products;
+----------------+
| prod_name      |
+----------------+
| .5 ton anvil   |
| 1 ton anvil    |
| 2 ton anvil    |
| Detonator      |
| Bird seed      |
| Carrots        |
| Fuses          |
| JetPack 1000   |
| JetPack 2000   |
| Oil can        |
| Safe           |
| Sling          |
| TNT (1 stick)  |
| TNT (5 sticks) |
+----------------+
14 rows in set (0.01 sec)

检索多个列：
mysql> select prod_id,prod_name,prod_price from products;
+---------+----------------+------------+
| prod_id | prod_name      | prod_price |
+---------+----------------+------------+
| ANV01   | .5 ton anvil   |       5.99 |
| ANV02   | 1 ton anvil    |       9.99 |
| ANV03   | 2 ton anvil    |      14.99 |
| DTNTR   | Detonator      |      13.00 |
| FB      | Bird seed      |      10.00 |
| FC      | Carrots        |       2.50 |
| FU1     | Fuses          |       3.42 |
| JP1000  | JetPack 1000   |      35.00 |
| JP2000  | JetPack 2000   |      55.00 |
| OL1     | Oil can        |       8.99 |
| SAFE    | Safe           |      50.00 |
| SLING   | Sling          |       4.49 |
| TNT1    | TNT (1 stick)  |       2.50 |
| TNT2    | TNT (5 sticks) |      10.00 |
+---------+----------------+------------+
14 rows in set (0.00 sec)

检索所有列：
mysql> select * from products;
+---------+---------+----------------+------------+----------------------------------------------------------------+
| prod_id | vend_id | prod_name      | prod_price | prod_desc                                                      |
+---------+---------+----------------+------------+----------------------------------------------------------------+
| ANV01   |    1001 | .5 ton anvil   |       5.99 | .5 ton anvil, black, complete with handy hook                  |
| ANV02   |    1001 | 1 ton anvil    |       9.99 | 1 ton anvil, black, complete with handy hook and carrying case |
| ANV03   |    1001 | 2 ton anvil    |      14.99 | 2 ton anvil, black, complete with handy hook and carrying case |
| DTNTR   |    1003 | Detonator      |      13.00 | Detonator (plunger powered), fuses not included                |
| FB      |    1003 | Bird seed      |      10.00 | Large bag (suitable for road runners)                          |
| FC      |    1003 | Carrots        |       2.50 | Carrots (rabbit hunting season only)                           |
| FU1     |    1002 | Fuses          |       3.42 | 1 dozen, extra long                                            |
| JP1000  |    1005 | JetPack 1000   |      35.00 | JetPack 1000, intended for single use                          |
| JP2000  |    1005 | JetPack 2000   |      55.00 | JetPack 2000, multi-use                                        |
| OL1     |    1002 | Oil can        |       8.99 | Oil can, red                                                   |
| SAFE    |    1003 | Safe           |      50.00 | Safe with combination lock                                     |
| SLING   |    1003 | Sling          |       4.49 | Sling, one size fits all                                       |
| TNT1    |    1003 | TNT (1 stick)  |       2.50 | TNT, red, single stick                                         |
| TNT2    |    1003 | TNT (5 sticks) |      10.00 | TNT, red, pack of 10 sticks                                    |
+---------+---------+----------------+------------+----------------------------------------------------------------+
14 rows in set (0.00 sec)

检索不同的行：
mysql> select distinct vend_id from products;
+---------+
| vend_id |
+---------+
|    1001 |
|    1002 |
|    1003 |
|    1005 |
+---------+
4 rows in set (0.00 sec)

限制结果：
mysql> select prod_name from products limit 5;  #(返回不多于5行)
+--------------+
| prod_name    |
+--------------+
| .5 ton anvil |
| 1 ton anvil  |
| 2 ton anvil  |
| Detonator    |
| Bird seed    |
+--------------+
5 rows in set (0.00 sec)

得出下一个5行：
mysql> select prod_name from products limit 5,5; #(limit 5,5 是指从行5开始的5行)
+--------------+
| prod_name    |
+--------------+
| Carrots      |
| Fuses        |
| JetPack 1000 |
| JetPack 2000 |
| Oil can      |
+--------------+
5 rows in set (0.00 sec)

mysql> select prod_name from products limit 3,4; #(limit 3,4 是指从行3开始的4行)
等同于
mysql> select prod_name from products limit 4 offset 3;

使用完全限定的表名：
mysql> select products.prod_name from products; #(指定了一个完全限定的列名)

mysql> select products.prod_name from crashcourse.products; #(指定了一个完全限定的表名)

=============================================
第五章：

以字母顺序进行排序：
mysql> select prod_name from products order by prod_name;
+----------------+
| prod_name      |
+----------------+
| .5 ton anvil   |
| 1 ton anvil    |
| 2 ton anvil    |
| Bird seed      |
| Carrots        |
| Detonator      |
| Fuses          |
| JetPack 1000   |
| JetPack 2000   |
| Oil can        |
| Safe           |
| Sling          |
| TNT (1 stick)  |
| TNT (5 sticks) |
+----------------+
14 rows in set (0.00 sec)

检索3个列，首先按价格，再按名称排列：
mysql> select prod_id,prod_price,prod_name from products order by prod_price,prod_name;
+---------+------------+----------------+
| prod_id | prod_price | prod_name      |
+---------+------------+----------------+
| FC      |       2.50 | Carrots        |
| TNT1    |       2.50 | TNT (1 stick)  |
| FU1     |       3.42 | Fuses          |
| SLING   |       4.49 | Sling          |
| ANV01   |       5.99 | .5 ton anvil   |
| OL1     |       8.99 | Oil can        |
| ANV02   |       9.99 | 1 ton anvil    |
| FB      |      10.00 | Bird seed      |
| TNT2    |      10.00 | TNT (5 sticks) |
| DTNTR   |      13.00 | Detonator      |
| ANV03   |      14.99 | 2 ton anvil    |
| JP1000  |      35.00 | JetPack 1000   |
| SAFE    |      50.00 | Safe           |
| JP2000  |      55.00 | JetPack 2000   |
+---------+------------+----------------+
14 rows in set (0.00 sec)

按价格以降序排序产品：
mysql> select prod_id,prod_price,prod_name from products order by prod_price desc;
+---------+------------+----------------+
| prod_id | prod_price | prod_name      |
+---------+------------+----------------+
| JP2000  |      55.00 | JetPack 2000   |
| SAFE    |      50.00 | Safe           |
| JP1000  |      35.00 | JetPack 1000   |
| ANV03   |      14.99 | 2 ton anvil    |
| DTNTR   |      13.00 | Detonator      |
| TNT2    |      10.00 | TNT (5 sticks) |
| FB      |      10.00 | Bird seed      |
| ANV02   |       9.99 | 1 ton anvil    |
| OL1     |       8.99 | Oil can        |
| ANV01   |       5.99 | .5 ton anvil   |
| SLING   |       4.49 | Sling          |
| FU1     |       3.42 | Fuses          |
| FC      |       2.50 | Carrots        |
| TNT1    |       2.50 | TNT (1 stick)  |
+---------+------------+----------------+
14 rows in set (0.00 sec)

按价格以降序排序产品，然后再按产品名排序：(desc 只应用到直接位于其前面的列名)
mysql> select prod_id,prod_price,prod_name from products order by prod_price desc,prod_name;
+---------+------------+----------------+
| prod_id | prod_price | prod_name      |
+---------+------------+----------------+
| JP2000  |      55.00 | JetPack 2000   |
| SAFE    |      50.00 | Safe           |
| JP1000  |      35.00 | JetPack 1000   |
| ANV03   |      14.99 | 2 ton anvil    |
| DTNTR   |      13.00 | Detonator      |
| FB      |      10.00 | Bird seed      |
| TNT2    |      10.00 | TNT (5 sticks) |
| ANV02   |       9.99 | 1 ton anvil    |
| OL1     |       8.99 | Oil can        |
| ANV01   |       5.99 | .5 ton anvil   |
| SLING   |       4.49 | Sling          |
| FU1     |       3.42 | Fuses          |
| FC      |       2.50 | Carrots        |
| TNT1    |       2.50 | TNT (1 stick)  |
+---------+------------+----------------+
14 rows in set (0.00 sec)

使用order by 和 limit 组合，找出 最昂贵的物品的值：
mysql> select prod_price from products order by prod_price desc limit 1;
+------------+
| prod_price |
+------------+
|      55.00 |
+------------+
1 row in set (0.00 sec)

============================================
第六章：

只返回 prod_price 值为2.5 的行：

mysql> select prod_name,prod_price from products where prod_price=2.50;
+---------------+------------+
| prod_name     | prod_price |
+---------------+------------+
| Carrots       |       2.50 |
| TNT (1 stick) |       2.50 |
+---------------+------------+
2 rows in set (0.02 sec)

检查单个值：
mysql> select prod_name,prod_price from products where prod_name='fuses';
+-----------+------------+
| prod_name | prod_price |
+-----------+------------+
| Fuses     |       3.42 |
+-----------+------------+
1 row in set (0.00 sec)

列出价格小于 10 美元的所有产品：
mysql> select prod_name,prod_price from products where prod_price < 10;
+---------------+------------+
| prod_name     | prod_price |
+---------------+------------+
| .5 ton anvil  |       5.99 |
| 1 ton anvil   |       9.99 |
| Carrots       |       2.50 |
| Fuses         |       3.42 |
| Oil can       |       8.99 |
| Sling         |       4.49 |
| TNT (1 stick) |       2.50 |
+---------------+------------+
7 rows in set (0.00 sec)

列出价格小于等于 10 美元的所有产品：
mysql> select prod_name,prod_price from products where prod_price <= 10;
+----------------+------------+
| prod_name      | prod_price |
+----------------+------------+
| .5 ton anvil   |       5.99 |
| 1 ton anvil    |       9.99 |
| Bird seed      |      10.00 |
| Carrots        |       2.50 |
| Fuses          |       3.42 |
| Oil can        |       8.99 |
| Sling          |       4.49 |
| TNT (1 stick)  |       2.50 |
| TNT (5 sticks) |      10.00 |
+----------------+------------+
9 rows in set (0.00 sec)

不匹配检查：
mysql> select vend_id,prod_name from products where vend_id <> 1003;
+---------+--------------+
| vend_id | prod_name    |
+---------+--------------+
|    1001 | .5 ton anvil |
|    1001 | 1 ton anvil  |
|    1001 | 2 ton anvil  |
|    1002 | Fuses        |
|    1005 | JetPack 1000 |
|    1005 | JetPack 2000 |
|    1002 | Oil can      |
+---------+--------------+
7 rows in set (0.00 sec)

检索价格在5美元和10美元之间的所有产品：
mysql> select prod_name,prod_price from products where prod_price between 5 and 10;
+----------------+------------+
| prod_name      | prod_price |
+----------------+------------+
| .5 ton anvil   |       5.99 |
| 1 ton anvil    |       9.99 |
| Bird seed      |      10.00 |
| Oil can        |       8.99 |
| TNT (5 sticks) |      10.00 |
+----------------+------------+
5 rows in set (0.01 sec)

检查具有null值得列：
mysql> select prod_name from products where prod_price is null;
Empty set (0.00 sec)

mysql> select cust_id from customers where cust_email is null;
+---------+
| cust_id |
+---------+
|   10002 |
|   10005 |
+---------+
2 rows in set (0.01 sec)


=======================================
第七章：

and操作符：
mysql> select prod_id,prod_price,prod_name from products where vend_id = 1003 and prod_price <= 10;
+---------+------------+----------------+
| prod_id | prod_price | prod_name      |
+---------+------------+----------------+
| FB      |      10.00 | Bird seed      |
| FC      |       2.50 | Carrots        |
| SLING   |       4.49 | Sling          |
| TNT1    |       2.50 | TNT (1 stick)  |
| TNT2    |      10.00 | TNT (5 sticks) |
+---------+------------+----------------+
5 rows in set (0.00 sec)

or操作符：
mysql> select vend_id,prod_name,prod_price from products where vend_id = 1002 or vend_id = 1003;
+---------+----------------+------------+
| vend_id | prod_name      | prod_price |
+---------+----------------+------------+
|    1003 | Detonator      |      13.00 |
|    1003 | Bird seed      |      10.00 |
|    1003 | Carrots        |       2.50 |
|    1002 | Fuses          |       3.42 |
|    1002 | Oil can        |       8.99 |
|    1003 | Safe           |      50.00 |
|    1003 | Sling          |       4.49 |
|    1003 | TNT (1 stick)  |       2.50 |
|    1003 | TNT (5 sticks) |      10.00 |
+---------+----------------+------------+
9 rows in set (0.00 sec)

计算次序：

mysql> select vend_id,prod_name,prod_price from products where vend_id = 1002 or vend_id = 1003 and prod_price >= 10;
+---------+----------------+------------+
| vend_id | prod_name      | prod_price |
+---------+----------------+------------+
|    1003 | Detonator      |      13.00 |
|    1003 | Bird seed      |      10.00 |
|    1002 | Fuses          |       3.42 |
|    1002 | Oil can        |       8.99 |
|    1003 | Safe           |      50.00 |
|    1003 | TNT (5 sticks) |      10.00 |
+---------+----------------+------------+
6 rows in set (0.00 sec)

mysql> select vend_id,prod_name,prod_price from products where (vend_id = 1002 or vend_id = 1003) and prod_price >= 10;
+---------+----------------+------------+
| vend_id | prod_name      | prod_price |
+---------+----------------+------------+
|    1003 | Detonator      |      13.00 |
|    1003 | Bird seed      |      10.00 |
|    1003 | Safe           |      50.00 |
|    1003 | TNT (5 sticks) |      10.00 |
+---------+----------------+------------+
4 rows in set (0.00 sec)

in操作符：
mysql> select vend_id,prod_name,prod_price from products where vend_id in (1002,1003) order by prod_name;
+---------+----------------+------------+
| vend_id | prod_name      | prod_price |
+---------+----------------+------------+
|    1003 | Bird seed      |      10.00 |
|    1003 | Carrots        |       2.50 |
|    1003 | Detonator      |      13.00 |
|    1002 | Fuses          |       3.42 |
|    1002 | Oil can        |       8.99 |
|    1003 | Safe           |      50.00 |
|    1003 | Sling          |       4.49 |
|    1003 | TNT (1 stick)  |       2.50 |
|    1003 | TNT (5 sticks) |      10.00 |
+---------+----------------+------------+
9 rows in set (0.00 sec)

mysql> select vend_id,prod_name,prod_price from products where vend_id = 1002 or vend_id = 1003 order by prod_name; 
+---------+----------------+------------+
| vend_id | prod_name      | prod_price |
+---------+----------------+------------+
|    1003 | Bird seed      |      10.00 |
|    1003 | Carrots        |       2.50 |
|    1003 | Detonator      |      13.00 |
|    1002 | Fuses          |       3.42 |
|    1002 | Oil can        |       8.99 |
|    1003 | Safe           |      50.00 |
|    1003 | Sling          |       4.49 |
|    1003 | TNT (1 stick)  |       2.50 |
|    1003 | TNT (5 sticks) |      10.00 |
+---------+----------------+------------+
9 rows in set (0.00 sec)

Not 操作符：
mysql> select vend_id,prod_name,prod_price from products where vend_id not in (1002,1003) order by prod_name;
+---------+--------------+------------+
| vend_id | prod_name    | prod_price |
+---------+--------------+------------+
|    1001 | .5 ton anvil |       5.99 |
|    1001 | 1 ton anvil  |       9.99 |
|    1001 | 2 ton anvil  |      14.99 |
|    1005 | JetPack 1000 |      35.00 |
|    1005 | JetPack 2000 |      55.00 |
+---------+--------------+------------+
5 rows in set (0.00 sec)

============================================
第八章：

like操作符：

%
mysql> select prod_id,prod_name from products where prod_name like 'jet%';
+---------+--------------+
| prod_id | prod_name    |
+---------+--------------+
| JP1000  | JetPack 1000 |
| JP2000  | JetPack 2000 |
+---------+--------------+
2 rows in set (0.00 sec)

mysql> select prod_id,prod_name from products where prod_name like '%anvil%';
+---------+--------------+
| prod_id | prod_name    |
+---------+--------------+
| ANV01   | .5 ton anvil |
| ANV02   | 1 ton anvil  |
| ANV03   | 2 ton anvil  |
+---------+--------------+
3 rows in set (0.00 sec)

mysql> select prod_name from products where prod_name like 's%e';
+-----------+
| prod_name |
+-----------+
| Safe      |
+-----------+
1 row in set (0.00 sec)

使用下划线  _  通配符

mysql> select prod_id,prod_name from products where prod_name like '_ ton anvil';
+---------+-------------+
| prod_id | prod_name   |
+---------+-------------+
| ANV02   | 1 ton anvil |
| ANV03   | 2 ton anvil |
+---------+-------------+
2 rows in set (0.00 sec)


mysql> select prod_id,prod_name from products where prod_name like '% ton anvil';
+---------+--------------+
| prod_id | prod_name    |
+---------+--------------+
| ANV01   | .5 ton anvil |
| ANV02   | 1 ton anvil  |
| ANV03   | 2 ton anvil  |
+---------+--------------+
3 rows in set (0.00 sec)

=======================================
第九章：

用正则表达式进行搜索：
mysql> select prod_name from products where prod_name regexp '1000' order by prod_name;
+--------------+
| prod_name    |
+--------------+
| JetPack 1000 |
+--------------+
1 row in set (0.02 sec)

mysql> select prod_name from products where prod_name regexp '.000' order by prod_name;
+--------------+
| prod_name    |
+--------------+
| JetPack 1000 |
| JetPack 2000 |
+--------------+
2 rows in set (0.00 sec)

进行Or匹配： | 

mysql> select prod_name from products where prod_name regexp '1000|2000' order by prod_name;
+--------------+
| prod_name    |
+--------------+
| JetPack 1000 |
| JetPack 2000 |
+--------------+
2 rows in set (0.00 sec)

匹配几个字符之一：
mysql> select prod_name from products where prod_name regexp '[123] Ton' order by prod_name;
+-------------+
| prod_name   |
+-------------+
| 1 ton anvil |
| 2 ton anvil |
+-------------+
2 rows in set (0.01 sec)

mysql> select prod_name from products where prod_name regexp '1|2|3 ton' order by prod_name;
+---------------+
| prod_name     |
+---------------+
| 1 ton anvil   |
| 2 ton anvil   |
| JetPack 1000  |
| JetPack 2000  |
| TNT (1 stick) |
+---------------+
5 rows in set (0.00 sec)

mysql> select prod_name from products where prod_name regexp '[1-5] ton' order by prod_name;
+--------------+
| prod_name    |
+--------------+
| .5 ton anvil |
| 1 ton anvil  |
| 2 ton anvil  |
+--------------+
3 rows in set (0.00 sec)

mysql> select vend_name from vendors where vend_name regexp '\\.' order by vend_name;
+--------------+
| vend_name    |
+--------------+
| Furball Inc. |
+--------------+
1 row in set (0.00 sec)

mysql> select prod_name from products where prod_name regexp '\\([0-9] sticks?\\)' order by prod_name;
+----------------+
| prod_name      |
+----------------+
| TNT (1 stick)  |
| TNT (5 sticks) |
+----------------+
2 rows in set (0.00 sec)


mysql> select prod_name from products where prod_name regexp '[[:digit:]]{4}' order by prod_name;
+--------------+
| prod_name    |
+--------------+
| JetPack 1000 |
| JetPack 2000 |
+--------------+
2 rows in set (0.00 sec)

mysql> select prod_name from products where prod_name regexp '[0-9][0-9][0-9][0-9]' order by prod_name;
+--------------+
| prod_name    |
+--------------+
| JetPack 1000 |
| JetPack 2000 |
+--------------+
2 rows in set (0.00 sec)

mysql> select prod_name from products where prod_name regexp '^[0-9\\.]' order by prod_name;
+--------------+
| prod_name    |
+--------------+
| .5 ton anvil |
| 1 ton anvil  |
| 2 ton anvil  |
+--------------+
3 rows in set (0.01 sec)

======================================





















	
